<?xml version="1.0" encoding="UTF-8"?>
<!--

Sample Schema

This example demonstrates how a new schema can be defined in a metadata extension package. Here a schema named 'sampleSchema' is defined. All the allowed data types that can be used are shown. There are two categories of data types:
1. Simple or Primitive Types: These are the basic units. Following is the list of simple data Types:

	a. 'boolean' :Allowed values are True or False (the strings should be spelled exactly as shown) 
	b. 'integer' :A signed or unsigned numeric string used as an integer number representation
	c. 'text' :A Unicode string
	d. 'real' :A numeric value of arbitrary precision. 
	e. 'openchoice' :An open choice is a list of one or more of preferred values, but other values can be freely used
	f. 'closedchoice' :A closed choice only allows values from the defined list
	g. 'seq' : An ordered array 
	h. 'bag' : An unordered array
	i. 'alt' : An alternative array
	j. 'date' : A string representing a date in yyyy/dd/mm hh:mm:ss.pp +hh:ss format
	k. 'rating' : A numeric value of real type between 0-5. Will be represented as 'Rating Stars' in the UI
	l. 'URL' : A string to store a URL. On the UI this will appears as a special widget through which user can open the URL by clicking a button
	
	All the simple data types are tied to a Default Widget. For mapping please refer the documentation. This default mapping can be overridden, for some type, in the view.xml file.

2. Composed data types: These data types can be created by users as combinations of Primitive data types. For example a new composed data type can be created grouping number of primitive data types (like structures). Composed types can be created in two ways:
		a. Extending a primitive data type: A new type Temperature can be created by extending 'real' type
		b. Creating structure: Several primitive data types can be grouped into one.
		
This sample schema will demonstrate how properties, with all the different data types, are defined.		
-->
<xmp_definitions>
  <!-- Defining the namespace and prefix of the schema --> 	
	<xmp_schema 
		prefix='customnamespace' 
		namespace='customnamespace' 
		label='Custom namespace Schema' 
		description='Schema for Sample Custom namespace'>
		
		<!-- Starting defining the properties, for definition of different attribute please refer documentation -->

		<xmp_property 
			name='RLStatus' 
			category='external' 
			type='text' 
			label="$$$/customnamespace/Property/StatusInputLabel=Status"  
			description='$$$/customnamespace/Property/StatusInputDescription=Status of asset'/>
		
		<xmp_property 
			name='retouchingworkflow' 
			category='external' 
			type='text'  
			label="$$$/customnamespace/Property/retouchingworkflowInputLabel=Workflow - Shoot Type"  
			description='$$$/customnamespace/Property/retouchingworkflowInputDescription=Shoot type workflow controlled text'/>

		<xmp_property 
			name='subworkflow' 
			category='external' 
			type='bag'  
			element_type="text"
			label="$$$/customnamespace/Property/subworkflowInputLabel=Workflow - Sub Type"  
			description='$$$/customnamespace/Property/subworkflowInputDescription=Workflow - Sub Type'/>

		<xmp_property 
			name='instructionsboolean' 
			category='external' 
			type='boolean'  
			label="$$$/customnamespace/Property/instructionsbooleanInputLabel=Retouching Instructions Boolean"  
			description='$$$/customnamespace/Property/instructionsbooleanInputDescription=Retouching Instructions Boolean'/>
		
		<xmp_property 
			name='rush' 
			category='external' 
			type='boolean'  
			label="$$$/customnamespace/Property/rushInputLabel=Priority (RUSH)"  
			description='$$$/customnamespace/Property/rushInputDescription=Priority (RUSH)'/>
		
		<xmp_property 
			name='inhouse' 
			category='external' 
			type='boolean'  
			label="$$$/customnamespace/Property/inhouseInputLabel=Priority (INHOUSE)"  
			description='$$$/customnamespace/Property/inhouseInputDescription=Priority (INHOUSE)'/>
		
		<xmp_property 
			name='shotdescription' 
			category='external' 
			type='text'  
			label="$$$/customnamespace/Property/shotdescriptionInputLabel=Shot Description"  
			description='$$$/customnamespace/Property/shotdescriptionInputDescription=Shot Description'/>
		
		<xmp_property 
			name='artdirector' 
			category='external' 
			type='text'  
			label="$$$/customnamespace/Property/artdirectorInputLabel=Art Director"  
			description='$$$/customnamespace/Property/artdirectorInputDescription=Art Director'/>
		
		<xmp_property 
			name='photographer' 
			category='external' 
			type='text'  
			label="$$$/customnamespace/Property/photographerInputLabel=Photographer"  
			description='$$$/customnamespace/Property/photographerInputDescription=Photographer'/>
		
		<xmp_property 
			name='digitaltech' 
			category='external' 
			type='text'  
			label="$$$/customnamespace/Property/digitaltechInputLabel=Digital Tech"  
			description='$$$/customnamespace/Property/digitaltechInputDescription=digitaltech'/>
		
		
	</xmp_schema> <!-- Schema Definition ends here -->
    
</xmp_definitions>
